{"@class":"Script_PostFX","id":{"uuid":"F0A51B2D-1221-40AA-A989-115491DD8D2C"},"name":"Script_PostFX","enableOnAwake":false,"bloom_enabled":true,"bloomResolutionFactor_high":8.0,"bloomResolutionFactor_med":16.0,"bloomResolutionFactor_low":32.0,"cascade_high_enabled":true,"cascade_med_enabled":true,"cascade_low_enabled":true,"field_1":{"values":[0.20000000298023225,0.20000000298023225,0.20000000298023225]},"field_2":{"values":[0.10000000149011612,0.10000000149011612,0.10000000149011612]},"field_3":{"values":[0.05000000074505806,0.05000000074505806,0.05000000074505806]},"BaseSaturation":1.090000033378601,"BaseIntensity":1.350000023841858,"BloomSaturation":1.0,"BloomIntensity":0.36000001430511477,"BloomIterations":3,"BloomSoftTreshold":0.0,"BloomTreshold":0.1599999964237213,"chromatic_aberration_enabled":false,"chromatic_aberration_scale":5.0,"dof_enabled":true,"dof_range":21.0,"dof_distance":9.0,"dof_aperture":23.0,"fxaa_enabled":true,"color_grading_enabled":true,"Brightness":1.0,"Contrast":1.0700000524520875,"Gamma":1.0,"SRGB":true,"ssao_enabled":true,"ssao_radius":0.15000000596046449,"ssao_intensity":1.0}